35,Ontario,Ontario,26-03-2020,858,0,15,858,41217,8,0.93,2830,170,24.71,5.89,0.10,2,1.75,3177,8,97.32,835,5.73,799,5.49,14,0.10,86,0.59,2,0.01
35,Ontario,Ontario,27-03-2020,993,0,18,993,43651,8,0.81,2997,135,15.73,6.82,0.12,3,1.81,2434,0,97.38,967,6.64,914,6.27,17,0.12,97,0.67,2,0.02
35,Ontario,Ontario,28-03-2020,993,0,18,993,45836,8,0.81,3147,0,0.00,6.82,0.12,0,1.81,2185,0,97.38,967,6.64,914,6.27,17,0.12,88,0.60,2,0.01
35,Ontario,Ontario,29-03-2020,1355,0,19,1355,52002,8,0.59,3570,362,36.46,9.30,0.13,1,1.40,6166,0,98.01,1328,9.12,1252,8.60,18,0.12,133,0.91,2,0.01
35,Ontario,Ontario,30-03-2020,1706,0,33,1706,54112,431,25.26,3715,351,25.90,11.71,0.23,14,1.93,2110,423,72.80,1242,8.53,1561,10.72,32,0.22,172,1.18,4,0.03
35,Ontario,Ontario,31-03-2020,1966,0,33,1966,55909,534,27.16,3838,260,15.24,13.50,0.23,0,1.68,1797,103,71.16,1399,9.60,1789,12.28,32,0.22,197,1.35,4,0.02
35,Ontario,Ontario,01-04-2020,2392,0,37,2392,61009,689,28.80,4188,426,21.67,16.42,0.25,4,1.55,5100,155,69.65,1666,11.44,2203,15.12,36,0.25,243,1.67,3,0.02
35,Ontario,Ontario,02-04-2020,2793,0,53,2793,64785,831,29.75,4448,401,16.76,19.17,0.36,16,1.90,3776,142,68.35,1909,13.11,2535,17.40,51,0.35,276,1.90,5,0.04
35,Ontario,Ontario,05-04-2020,4038,0,119,4038,76027,1219,30.19,5219,408,11.24,27.72,0.82,25,2.95,3353,1219,66.86,2700,18.54,3613,24.80,114,0.78,383,2.63,14,0.10
35,Ontario,Ontario,06-04-2020,4347,0,132,4347,79125,1624,37.36,5432,309,7.65,29.84,0.91,13,3.04,3098,405,59.60,2591,17.79,3844,26.39,126,0.86,377,2.59,14,0.10
35,Ontario,Ontario,18-04-2020,10010,0,514,10010,139448,4875,48.70,9573,485,5.09,68.72,3.53,36,5.13,7315,4875,46.16,4621,31.72,6380,43.80,420,2.88,480,3.30,37,0.26
35,Ontario,Ontario,19-04-2020,10578,0,553,10578,148106,5209,49.24,10168,568,5.67,72.62,3.80,39,5.23,8658,334,45.53,4816,33.06,6540,44.90,434,2.98,504,3.46,40,0.27
35,Ontario,Ontario,20-04-2020,11184,0,584,11184,148106,5515,49.31,10168,606,5.73,76.78,4.01,31,5.22,0,306,45.47,5085,34.91,6837,46.94,452,3.10,531,3.64,42,0.29
35,Ontario,Ontario,21-04-2020,11735,0,622,11735,148106,5806,49.48,10168,551,4.93,80.56,4.27,38,5.30,0,291,45.22,5307,36.43,7009,48.12,469,3.22,540,3.71,41,0.28
35,Ontario,Ontario,22-04-2020,12245,0,659,12245,178467,6221,50.80,12252,510,4.35,84.06,4.52,37,5.38,30361,415,43.81,5365,36.83,6969,47.84,485,3.33,543,3.72,39,0.27
35,Ontario,Ontario,23-04-2020,12879,0,713,12879,188377,6680,51.87,12932,634,5.18,88.41,4.89,54,5.54,9910,459,42.60,5486,37.66,7120,48.88,513,3.52,560,3.84,41,0.28
35,Ontario,Ontario,24-04-2020,13519,0,763,13519,200270,7087,52.42,13749,640,4.97,92.81,5.24,50,5.64,11893,407,41.93,5669,38.92,7282,49.99,541,3.71,571,3.92,41,0.28
35,Ontario,Ontario,25-04-2020,13995,0,811,13995,210502,7509,53.65,14451,476,3.52,96.08,5.57,48,5.79,10232,422,40.55,5675,38.96,7347,50.44,558,3.83,569,3.91,42,0.29
35,Ontario,Ontario,26-04-2020,14432,0,835,14432,222129,8000,55.43,15249,437,3.12,99.08,5.73,24,5.79,11627,491,38.78,5597,38.42,7383,50.68,561,3.85,551,3.78,40,0.28
35,Ontario,Ontario,27-04-2020,14856,0,892,14856,234268,8525,57.38,16083,424,2.94,101.99,6.12,57,6.00,12139,525,36.61,5439,37.34,7386,50.71,601,4.13,525,3.60,44,0.30
35,Ontario,Ontario,28-04-2020,15381,0,951,15381,244766,8964,58.28,16803,525,3.53,105.59,6.53,59,6.18,10498,439,35.54,5466,37.52,7428,50.99,617,4.24,521,3.58,47,0.32
35,Ontario,Ontario,29-04-2020,15728,0,996,15728,255942,9612,61.11,17571,347,2.26,107.97,6.84,45,6.33,11176,648,32.55,5120,35.15,7281,49.98,611,4.19,498,3.42,48,0.33
35,Ontario,Ontario,30-04-2020,16187,0,1082,16187,268447,10205,63.04,18429,459,2.92,111.12,7.43,86,6.68,12505,593,30.27,4900,33.64,7226,49.61,659,4.52,473,3.24,53,0.36
35,Ontario,Ontario,01-05-2020,16608,0,1121,16608,284438,10825,65.18,19527,421,2.60,114.01,7.70,39,6.75,15991,620,28.07,4662,32.00,7083,48.63,643,4.41,441,3.03,51,0.35
35,Ontario,Ontario,02-05-2020,17119,0,1176,17119,300210,11390,66.53,20610,511,3.08,117.52,8.07,55,6.87,15772,565,26.60,4553,31.26,7109,48.80,662,4.54,446,3.06,52,0.36
35,Ontario,Ontario,03-05-2020,17553,0,1216,17553,316796,12005,68.39,21748,434,2.54,120.50,8.35,40,6.93,16586,615,24.68,4332,29.74,6975,47.88,663,4.55,446,3.06,54,0.37
35,Ontario,Ontario,04-05-2020,17923,0,1300,17923,330875,12505,69.77,22715,370,2.11,123.04,8.92,84,7.25,14079,500,22.98,4118,28.27,6739,46.26,716,4.92,438,3.01,58,0.40
35,Ontario,Ontario,05-05-2020,18310,0,1361,18310,341180,12779,69.79,23422,387,2.16,125.70,9.34,61,7.43,10305,274,22.77,4170,28.63,6575,45.14,739,5.07,418,2.87,59,0.40
35,Ontario,Ontario,06-05-2020,18722,0,1429,18722,353717,13222,70.62,24283,412,2.25,128.53,9.81,68,7.63,12537,443,21.74,4071,27.95,6477,44.46,770,5.29,428,2.94,62,0.42
35,Ontario,Ontario,07-05-2020,19121,0,1477,19121,368400,13569,70.96,25291,399,2.13,131.27,10.14,48,7.72,14683,347,21.31,4075,27.98,6242,42.85,764,5.24,419,2.88,56,0.39
35,Ontario,Ontario,08-05-2020,19598,0,1540,19598,384162,13990,71.38,26373,477,2.49,134.54,10.57,63,7.86,15762,421,20.76,4068,27.93,6079,41.73,777,5.33,427,2.93,60,0.41
35,Ontario,Ontario,09-05-2020,19944,0,1599,19944,402761,14383,72.12,27650,346,1.77,136.92,10.98,59,8.02,18599,393,19.87,3962,27.20,5949,40.84,788,5.41,404,2.77,60,0.41
35,Ontario,Ontario,10-05-2020,20238,0,1634,20238,419802,14772,72.99,28820,294,1.47,138.93,11.22,35,8.07,17041,389,18.93,3832,26.31,5806,39.86,799,5.49,384,2.63,60,0.41
35,Ontario,Ontario,11-05-2020,20546,0,1669,20546,433316,15131,73.64,29747,308,1.52,141.05,11.46,35,8.12,13514,359,18.23,3746,25.72,5690,39.06,777,5.33,375,2.57,53,0.36
35,Ontario,Ontario,12-05-2020,20907,0,1725,20907,444882,15391,73.62,30541,361,1.76,143.53,11.84,56,8.25,11566,260,18.13,3791,26.03,5526,37.94,774,5.31,371,2.55,52,0.36
35,Ontario,Ontario,13-05-2020,21236,0,1765,21236,459524,15845,74.61,31547,329,1.57,145.79,12.12,40,8.31,14642,454,17.07,3626,24.89,5508,37.81,769,5.28,359,2.47,48,0.33
35,Ontario,Ontario,14-05-2020,21581,0,1798,21581,476383,16204,75.08,32704,345,1.62,148.15,12.34,33,8.33,16859,359,16.58,3579,24.57,5394,37.03,716,4.92,351,2.41,46,0.31
35,Ontario,Ontario,15-05-2020,21922,0,1825,21922,494136,16641,75.91,33923,341,1.58,150.50,12.53,27,8.32,17753,437,15.76,3456,23.73,5314,36.48,704,4.83,332,2.28,41,0.28
35,Ontario,Ontario,16-05-2020,22313,0,1858,22313,511323,17020,76.28,35103,391,1.78,153.18,12.76,33,8.33,17187,379,15.39,3435,23.58,5194,35.66,682,4.68,338,2.32,37,0.25
35,Ontario,Ontario,17-05-2020,22653,0,1881,22653,527010,17360,76.63,36179,340,1.52,155.51,12.91,23,8.30,15687,340,15.06,3412,23.42,5100,35.01,665,4.57,345,2.37,35,0.24
35,Ontario,Ontario,18-05-2020,22957,0,1904,22957,535866,17638,76.83,36787,304,1.34,157.60,13.07,23,8.29,8856,278,14.88,3415,23.44,5034,34.56,604,4.15,344,2.36,34,0.23
35,Ontario,Ontario,19-05-2020,23384,0,1919,23384,541489,17898,76.54,37173,427,1.86,160.53,13.17,15,8.21,5623,260,15.25,3567,24.49,5074,34.83,558,3.83,354,2.43,28,0.19
35,Ontario,Ontario,20-05-2020,23774,0,1962,23774,548629,18190,76.51,37664,390,1.67,163.21,13.47,43,8.25,7140,292,15.24,3622,24.87,5052,34.68,533,3.66,363,2.49,28,0.19
35,Ontario,Ontario,21-05-2020,24187,0,1993,24187,558792,18509,76.52,38361,413,1.74,166.04,13.68,31,8.24,10163,319,15.24,3685,25.30,5066,34.78,516,3.54,372,2.56,28,0.19
35,Ontario,Ontario,22-05-2020,24628,0,2021,24628,569699,18767,76.20,39110,441,1.82,169.07,13.87,28,8.21,10907,258,15.59,3840,26.36,5030,34.53,481,3.30,387,2.65,28,0.19
35,Ontario,Ontario,23-05-2020,25040,0,2048,25040,580366,19146,76.46,39842,412,1.67,171.90,14.06,27,8.18,10667,379,15.36,3846,26.40,5096,34.98,449,3.08,390,2.67,27,0.19
35,Ontario,Ontario,24-05-2020,25500,0,2073,25500,591377,19477,76.38,40598,460,1.84,175.06,14.23,25,8.13,11011,331,15.49,3950,27.12,5262,36.12,439,3.01,407,2.79,27,0.19
35,Ontario,Ontario,25-05-2020,25904,0,2102,25904,599280,19698,76.04,41141,404,1.58,177.83,14.43,29,8.11,7903,221,15.84,4104,28.17,5358,36.78,433,2.97,421,2.89,28,0.19
35,Ontario,Ontario,26-05-2020,26191,0,2123,26191,608832,19958,76.20,41797,287,1.11,179.80,14.57,21,8.11,9552,260,15.69,4110,28.22,5284,36.27,398,2.73,401,2.75,29,0.20
35,Ontario,Ontario,27-05-2020,26483,0,2155,26483,623470,20372,76.92,42801,292,1.11,181.81,14.79,32,8.14,14638,414,14.94,3956,27.16,5247,36.02,390,2.68,387,2.66,28,0.19
35,Ontario,Ontario,28-05-2020,26866,0,2189,26866,640509,20673,76.95,43971,383,1.45,184.44,15.03,34,8.15,17039,301,14.90,4004,27.49,5285,36.28,391,2.68,383,2.63,28,0.19
35,Ontario,Ontario,29-05-2020,27210,0,2230,27210,658429,20983,77.12,45201,344,1.28,186.80,15.31,41,8.20,17920,310,14.69,3997,27.44,5288,36.30,405,2.78,369,2.53,30,0.20
35,Ontario,Ontario,30-05-2020,27533,0,2247,27533,678394,21353,77.55,46572,323,1.19,189.02,15.43,17,8.16,19965,370,14.28,3933,27.00,5220,35.84,389,2.67,356,2.44,28,0.20
35,Ontario,Ontario,31-05-2020,27859,0,2266,27859,694851,21810,78.29,47702,326,1.18,191.25,15.56,19,8.13,16457,457,13.58,3783,25.97,5206,35.74,385,2.64,337,2.31,28,0.19
35,Ontario,Ontario,01-06-2020,28263,0,2276,28263,708760,22153,78.38,48657,404,1.45,194.03,15.62,10,8.05,13909,343,13.57,3834,26.32,5306,36.43,372,2.55,337,2.31,25,0.17
35,Ontario,Ontario,02-06-2020,28709,0,2293,28709,723506,22484,78.32,49669,446,1.58,197.09,15.74,17,7.99,14746,331,13.70,3932,26.99,5325,36.56,374,2.57,360,2.47,24,0.17
35,Ontario,Ontario,03-06-2020,29047,0,2312,29047,740469,22811,78.53,50834,338,1.18,199.41,15.87,19.000,7.96,16963,327,13.51,3924,26.94,5273,36.20,350,2.40,366,2.51,22,0.15
35,Ontario,Ontario,04-06-2020,29403,0,2357,29403,760610,23208,78.93,52216,356,1.23,201.85,16.18,45,8.02,20141,397,13.05,3838,26.35,5216,35.81,364,2.50,362,2.49,24,0.16
35,Ontario,Ontario,05-06-2020,29747,0,2372,29747,782597,23583,79.28,53726,344,1.17,204.21,16.28,15,7.97,21987,375,12.75,3792,26.03,5119,35.14,351,2.41,362,2.49,20,0.14
35,Ontario,Ontario,06-06-2020,30202,0,2407,30202,804946,23947,79.29,55260,455,1.53,207.34,16.52,35,7.97,22349,364,12.74,3848,26.42,5162,35.44,359,2.46,381,2.62,23,0.16
35,Ontario,Ontario,07-06-2020,30617,0,2426,30617,823687,24252,79.21,56546,415,1.37,210.19,16.65,19,7.92,18741,305,12.87,3939,27.04,5117,35.13,353,2.42,394,2.70,23,0.16
35,Ontario,Ontario,08-06-2020,30860,0,2450,30860,838542,24492,79.36,57566,243,0.79,211.86,16.82,24,7.94,14855,240,12.70,3918,26.90,4956,34.02,348,2.39,371,2.55,25,0.17
35,Ontario,Ontario,09-06-2020,31090,0,2464,31090,851609,24829,79.86,58463,230,0.75,213.43,16.92,14,7.93,13067,337,12.21,3797,26.07,4899,33.63,341,2.34,340,2.34,24,0.17
35,Ontario,Ontario,10-06-2020,31341,0,2475,31341,870898,25380,80.98,59788,251,0.81,215.16,16.99,11,7.90,19289,551,11.12,3486,23.93,4858,33.35,320,2.20,328,2.25,23,0.16
35,Ontario,Ontario,11-06-2020,31544,0,2487,31544,894443,25885,82.06,61404,203,0.65,216.55,17.07,12,7.88,23545,505,10.06,3172,21.78,4678,32.11,298,2.05,306,2.10,19,0.13
35,Ontario,Ontario,12-06-2020,31726,0,2498,31726,921851,26187,82.54,63285,182,0.58,217.80,17.15,11,7.87,27408,302,9.59,3041,20.88,4516,31.00,268,1.84,283,1.94,18,0.12
35,Ontario,Ontario,13-06-2020,31992,0,2507,31992,948410,26538,82.95,65109,266,0.84,219.63,17.21,9,7.84,26559,351,9.21,2947,20.23,4459,30.61,260,1.78,256,1.76,14,0.10
35,Ontario,Ontario,14-06-2020,32189,0,2519,32189,970926,26961,83.76,66655,197,0.62,220.98,17.29,12,7.83,22516,423,8.42,2709,18.60,4330,29.73,253,1.74,225,1.54,13,0.09
35,Ontario,Ontario,15-06-2020,32370,0,2527,32370,991966,27213,84.07,68099,181,0.56,222.22,17.35,8,7.81,21040,252,8.12,2630,18.06,4107,28.19,251,1.72,216,1.48,11,0.08
35,Ontario,Ontario,16-06-2020,32554,0,2538,32554,1012980,27431,84.26,69542,184,0.57,223.48,17.42,11,7.80,21014,218,7.94,2585,17.75,3845,26.40,245,1.68,209,1.44,11,0.07
35,Ontario,Ontario,17-06-2020,32744,0,2550,32744,1036393,27784,84.85,71149,190,0.58,224.79,17.51,12,7.79,23413,353,7.36,2410,16.54,3697,25.38,238,1.63,200,1.38,11,0.07
35,Ontario,Ontario,18-06-2020,32917,0,2553,32917,1060845,28004,85.07,72827,173,0.53,225.98,17.53,3,7.76,24452,220,7.17,2360,16.20,3514,24.12,196,1.35,196,1.35,9,0.06
35,Ontario,Ontario,19-06-2020,33095,0,2564,33095,1087179,28250,85.36,74635,178,0.54,227.20,17.60,11,7.75,26334,246,6.89,2281,15.66,3348,22.98,192,1.32,196,1.34,9,0.06
35,Ontario,Ontario,20-06-2020,33301,0,2595,33301,1113671,28468,85.49,76454,206,0.62,228.61,17.81,31,7.79,26492,218,6.72,2238,15.36,3099,21.27,188,1.29,187,1.28,13,0.09
35,Ontario,Ontario,21-06-2020,33476,0,2606,33476,1136313,28719,85.79,78008,175,0.53,229.81,17.89,11,7.78,22642,251,6.43,2151,14.77,2859,19.63,180,1.24,184,1.26,12,0.09
35,Ontario,Ontario,22-06-2020,33637,0,2609,33637,1157497,28933,86.02,79463,161,0.48,230.92,17.91,3,7.76,21184,214,6.23,2095,14.38,2777,19.06,159,1.09,181,1.24,12,0.08
35,Ontario,Ontario,23-06-2020,33853,0,2619,33853,1173157,29107,85.98,80538,216,0.64,232.40,17.98,10,7.74,15660,174,6.28,2127,14.60,2763,18.97,155,1.06,186,1.27,12,0.08
35,Ontario,Ontario,24-06-2020,34016,0,2631,34016,1195605,29336,86.24,82079,163,0.48,233.52,18.06,12,7.73,22448,229,6.02,2049,14.07,2675,18.36,156,1.07,182,1.25,12,0.08
35,Ontario,Ontario,25-06-2020,34205,0,2641,34205,1222216,29528,86.33,83906,189,0.56,234.82,18.13,10,7.72,26611,192,5.95,2036,13.98,2661,18.27,154,1.06,184,1.26,13,0.09
35,Ontario,Ontario,26-06-2020,34316,0,2644,34316,1251990,29754,86.71,85950,111,0.32,235.58,18.15,3,7.70,29774,226,5.59,1918,13.17,2590,17.78,146,1.00,174,1.20,11,0.08
35,Ontario,Ontario,27-06-2020,34476,0,2652,34476,1284387,29932,86.82,88174,160,0.47,236.68,18.21,8,7.69,32397,178,5.49,1892,12.99,2484,17.05,145,1.00,168,1.15,8,0.06
35,Ontario,Ontario,28-06-2020,34654,0,2658,34654,1312083,30107,86.88,90075,178,0.52,237.90,18.25,6,7.67,27696,175,5.45,1889,12.97,2465,16.92,139,0.95,168,1.16,7,0.05
35,Ontario,Ontario,29-06-2020,34911,0,2665,34911,1338323,30196,86.49,91876,257,0.74,239.67,18.30,7,7.63,26240,89,5.87,2050,14.07,2541,17.44,138,0.95,182,1.25,8,0.05
35,Ontario,Ontario,30-06-2020,35068,0,2672,35068,1361305,30344,86.53,93454,157,0.45,240.74,18.34,7,7.62,22982,148,5.85,2052,14.09,2514,17.26,134,0.92,174,1.19,8,0.05
35,Ontario,Ontario,01-07-2020,35068,0,2672,35068,1361305,30344,86.53,93454,0,0.00,240.74,18.34,0,7.62,0,0,5.85,2052,14.09,2324,15.95,122,0.84,150,1.03,6,0.04
35,Ontario,Ontario,02-07-2020,35370,0,2680,35370,1410036,30730,86.88,96800,302,0.86,242.82,18.40,8,7.58,48731,386,5.54,1960,13.46,2453,16.84,127,0.87,166,1.14,6,0.04
35,Ontario,Ontario,03-07-2020,35535,0,2682,35535,1433439,30909,86.98,98406,165,0.47,243.95,18.41,2,7.55,23403,179,5.47,1944,13.35,2440,16.75,118,0.81,174,1.20,5,0.04
35,Ontario,Ontario,04-07-2020,35656,0,2687,35656,1454163,31083,87.17,99829,121,0.34,244.78,18.45,5,7.54,20724,174,5.29,1886,12.95,2355,16.17,92,0.63,169,1.16,5,0.03
35,Ontario,Ontario,05-07-2020,35794,0,2689,35794,1477177,31266,87.35,101409,138,0.39,245.73,18.46,2,7.51,23014,183,5.14,1839,12.62,2318,15.91,83,0.57,163,1.12,4,0.03
35,Ontario,Ontario,06-07-2020,35948,0,2689,35948,1493915,31426,87.42,102558,154,0.43,246.78,18.46,0,7.48,16738,160,5.10,1833,12.58,2311,15.87,80,0.55,148,1.02,3,0.02
35,Ontario,Ontario,07-07-2020,36060,0,2691,36060,1508542,31603,87.64,103562,112,0.31,247.55,18.47,2,7.46,14627,177,4.90,1766,12.12,2207,15.15,72,0.49,142,0.97,3,0.02
35,Ontario,Ontario,08-07-2020,36178,0,2700,36178,1530627,31805,87.91,105078,118,0.33,248.36,18.54,9,7.46,22085,202,4.62,1673,11.49,2162,14.84,69,0.47,159,1.09,4,0.03
35,Ontario,Ontario,09-07-2020,36348,0,2703,36348,1556093,31977,87.97,106826,170,0.47,249.53,18.56,3,7.44,25466,172,4.59,1668,11.45,2143,14.71,62,0.43,140,0.96,3,0.02
35,Ontario,Ontario,10-07-2020,36464,0,2710,36464,1582678,32155,88.18,108652,116,0.32,250.33,18.60,7,7.43,26585,178,4.39,1599,10.98,2148,14.75,66,0.45,133,0.91,4,0.03
35,Ontario,Ontario,11-07-2020,36594,0,2716,36594,1611235,32422,88.60,110612,130,0.36,251.22,18.65,6,7.42,28557,267,3.98,1456,10.00,2118,14.54,64,0.44,134,0.92,4,0.03
35,Ontario,Ontario,12-07-2020,36723,0,2719,36723,1636119,32534,88.59,112320,129,0.35,252.11,18.67,3,7.40,24884,112,4.00,1470,10.09,2069,14.20,61,0.42,133,0.91,4,0.03
35,Ontario,Ontario,13-07-2020,36839,0,2722,36839,1656332,32663,88.66,113708,116,0.32,252.90,18.69,3,7.39,20213,129,3.95,1454,9.98,1928,13.24,57,0.39,127,0.87,5,0.03
35,Ontario,Ontario,14-07-2020,36950,0,2723,36950,1672528,32785,88.73,114820,111,0.30,253.66,18.69,1,7.37,16196,122,3.90,1442,9.90,1882,12.92,51,0.35,127,0.87,5,0.03
35,Ontario,Ontario,15-07-2020,37052,0,2732,37052,1695520,32920,88.85,116398,102,0.28,254.36,18.76,9,7.37,22992,135,3.78,1400,9.61,1984,13.62,60,0.41,125,0.86,5,0.03
35,Ontario,Ontario,16-07-2020,37163,0,2737,37163,1721146,33061,88.96,118157,111,0.30,255.13,18.79,5,7.36,25626,141,3.67,1365,9.37,1793,12.31,57,0.39,116,0.80,5,0.03
35,Ontario,Ontario,17-07-2020,37274,0,2746,37274,1751290,33162,88.97,120227,111,0.30,255.89,18.85,9,7.37,30144,101,3.66,1366,9.38,1739,11.94,64,0.44,116,0.79,5,0.04
35,Ontario,Ontario,18-07-2020,37440,0,2748,37440,1779196,33294,88.93,122143,166,0.45,257.03,18.87,2,7.34,27906,132,3.73,1398,9.60,1784,12.25,61,0.42,121,0.83,5,0.03
35,Ontario,Ontario,19-07-2020,37604,0,2751,37604,1805206,33407,88.84,123928,164,0.44,258.15,18.89,3,7.32,26010,113,3.85,1446,9.93,1810,12.43,62,0.43,126,0.86,5,0.03
35,Ontario,Ontario,20-07-2020,37739,0,2752,37739,1825435,33513,88.80,125317,135,0.36,259.08,18.89,1,7.29,20229,106,3.91,1474,10.12,1791,12.30,63,0.43,129,0.88,4,0.03
35,Ontario,Ontario,21-07-2020,37942,0,2753,37942,1847658,33605,88.57,126843,203,0.54,260.47,18.90,1,7.26,22223,92,4.17,1584,10.87,1882,12.92,62,0.43,142,0.97,4,0.03
35,Ontario,Ontario,22-07-2020,38107,0,2755,38107,1870864,33812,88.73,128436,165,0.43,261.61,18.91,2,7.23,23206,207,4.04,1540,10.57,1929,13.24,55,0.38,151,1.03,3,0.02
35,Ontario,Ontario,23-07-2020,38210,0,2755,38210,1896014,33963,88.89,130162,103,0.27,262.31,18.91,0,7.21,25150,151,3.90,1492,10.24,1862,12.78,52,0.36,150,1.03,3,0.02
35,Ontario,Ontario,24-07-2020,38405,0,2758,38405,1923881,34100,88.79,132075,195,0.51,263.65,18.93,3,7.18,27867,137,4.03,1547,10.62,1941,13.33,48,0.33,162,1.11,2,0.01
35,Ontario,Ontario,25-07-2020,38543,0,2759,38543,1952807,34240,88.84,134061,138,0.36,264.60,18.94,1,7.16,28926,140,4.01,1544,10.60,1949,13.38,43,0.30,158,1.08,2,0.01
35,Ontario,Ontario,26-07-2020,38680,0,2763,38680,1978097,34359,88.83,135797,137,0.36,265.54,18.97,4,7.14,25290,119,4.03,1558,10.70,1957,13.43,44,0.30,154,1.06,2,0.01
35,Ontario,Ontario,27-07-2020,38799,0,2764,38799,2001954,34461,88.82,137435,119,0.31,266.36,18.97,1,7.12,23857,102,4.06,1574,10.81,1960,13.46,42,0.29,151,1.04,2,0.01
35,Ontario,Ontario,28-07-2020,38910,0,2768,38910,2018721,34567,88.84,138586,111,0.29,267.12,19.00,4,7.11,16767,106,4.05,1575,10.81,1960,13.46,45,0.31,138,0.95,2,0.01
35,Ontario,Ontario,29-07-2020,38986,0,2769,38986,2045136,34741,89.11,140400,76,0.20,267.64,19.01,1,7.10,26415,174,3.79,1476,10.13,1934,13.28,37,0.25,126,0.86,2,0.01
35,Ontario,Ontario,30-07-2020,39075,0,2772,39075,2071907,34906,89.33,142237,89,0.23,268.25,19.03,3,7.09,26771,165,3.58,1397,9.59,1912,13.13,35,0.24,124,0.85,2,0.02
35,Ontario,Ontario,31-07-2020,39209,0,2775,39209,2100958,35074,89.45,144232,134,0.34,269.17,19.05,3,7.08,29051,168,3.47,1360,9.34,1935,13.28,29,0.20,115,0.79,2,0.02
35,Ontario,Ontario,01-08-2020,39333,0,2777,39333,2133152,35237,89.59,146442,124,0.32,270.02,19.06,2,7.06,32194,163,3.35,1319,9.05,1893,13.00,29,0.20,113,0.77,3,0.02
35,Ontario,Ontario,02-08-2020,39449,0,2778,39449,2162599,35359,89.63,148463,116,0.29,270.82,19.07,1,7.04,29447,122,3.33,1312,9.01,1845,12.67,27,0.19,110,0.75,2,0.01
35,Ontario,Ontario,03-08-2020,39449,0,2778,39449,2184868,35359,89.63,149992,0,0.00,270.82,19.07,0,7.04,22269,0,3.33,1312,9.01,1710,11.74,26,0.18,93,0.64,2,0.01
35,Ontario,Ontario,04-08-2020,39628,0,2782,39628,2203410,35601,89.84,151265,179,0.45,272.05,19.10,4,7.02,18542,242,3.14,1245,8.55,1686,11.57,29,0.20,103,0.70,2,0.01
35,Ontario,Ontario,05-08-2020,39714,0,2782,39714,2220075,35747,90.01,152409,86,0.22,272.64,19.10,0,7.01,16665,146,2.98,1185,8.14,1607,11.03,27,0.19,104,0.71,2,0.01
35,Ontario,Ontario,06-08-2020,39809,0,2783,39809,2245400,35906,90.20,154148,95,0.24,273.29,19.11,1,6.99,25325,159,2.81,1120,7.69,1599,10.98,28,0.19,105,0.72,2,0.01
35,Ontario,Ontario,07-08-2020,39897,0,2783,39897,2269714,36024,90.29,155817,88,0.22,273.89,19.11,0,6.98,24314,118,2.73,1090,7.48,1492,10.24,25,0.17,98,0.67,1,0.01
35,Ontario,Ontario,08-08-2020,39967,0,2784,39967,2294872,36131,90.40,157544,70,0.18,274.38,19.11,1,6.97,25158,107,2.63,1052,7.22,1424,9.78,25,0.17,91,0.62,1,0.01
35,Ontario,Ontario,09-08-2020,40046,0,2786,40046,2321735,36279,90.59,159388,79,0.20,274.92,19.13,2,6.96,26863,148,2.45,981,6.73,1366,9.38,23,0.16,85,0.59,1,0.01
35,Ontario,Ontario,10-08-2020,40161,0,2786,40161,2343281,36381,90.59,160867,115,0.29,275.71,19.13,0,6.94,21546,102,2.48,994,6.82,1362,9.35,22,0.15,102,0.70,1,0.01
35,Ontario,Ontario,11-08-2020,40194,0,2786,40194,2364157,36456,90.70,162300,33,0.08,275.93,19.13,0,6.93,20876,75,2.37,952,6.54,1284,8.81,18,0.12,81,0.56,1,0.00
35,Ontario,Ontario,12-08-2020,40289,0,2787,40289,2387925,36590,90.82,163932,95,0.24,276.59,19.13,1,6.92,23768,134,2.26,912,6.26,1303,8.95,18,0.12,82,0.56,1,0.00
35,Ontario,Ontario,13-08-2020,40367,0,2787,40367,2416582,36689,90.89,165899,78,0.19,277.12,19.13,0,6.90,28657,99,2.21,891,6.12,1292,8.87,15,0.10,80,0.55,1,0.00
35,Ontario,Ontario,14-08-2020,40459,0,2788,40459,2445734,36772,90.89,167901,92,0.23,277.75,19.14,1,6.89,29152,83,2.22,899,6.17,1250,8.58,13,0.09,80,0.55,1,0.00
35,Ontario,Ontario,15-08-2020,40565,0,2789,40565,2475175,36873,90.90,169922,106,0.26,278.48,19.15,1,6.88,29441,101,2.23,903,6.20,1232,8.46,12,0.08,85,0.59,1,0.00
35,Ontario,Ontario,16-08-2020,40646,0,2789,40646,2498209,36953,90.91,171503,81,0.20,279.04,19.15,0,6.86,23034,80,2.22,904,6.21,1197,8.22,11,0.08,86,0.59,0,0.00
35,Ontario,Ontario,17-08-2020,40745,0,2789,40745,2522940,37036,90.90,173201,99,0.24,279.72,19.15,0,6.85,24731,83,2.26,920,6.32,1296,8.90,11,0.08,83,0.57,0,0.00
35,Ontario,Ontario,18-08-2020,40870,0,2792,40870,2545253,37126,90.84,174733,125,0.31,280.57,19.17,3,6.83,22313,90,2.33,952,6.54,1242,8.53,10,0.07,97,0.66,1,0.01
35,Ontario,Ontario,19-08-2020,40972,0,2792,40972,2570056,37215,90.83,176435,102,0.25,281.27,19.17,0,6.81,24803,89,2.36,965,6.62,1258,8.64,10,0.07,98,0.67,1,0.00
35,Ontario,Ontario,20-08-2020,41048,0,2793,41048,2595126,37291,90.85,178157,76,0.19,281.80,19.17,1,6.80,25070,76,2.35,964,6.62,1239,8.51,10,0.07,97,0.67,1,0.01
35,Ontario,Ontario,21-08-2020,41179,0,2796,41179,2622281,37397,90.82,180021,131,0.32,282.70,19.19,3,6.79,27155,106,2.39,986,6.77,1282,8.80,13,0.09,103,0.71,1,0.01
35,Ontario,Ontario,22-08-2020,41287,0,2797,41287,2650000,37487,90.80,181924,108,0.26,283.44,19.20,1,6.77,27719,90,2.43,1003,6.89,1320,9.06,13,0.09,103,0.71,1,0.01
35,Ontario,Ontario,23-08-2020,41402,0,2797,41402,2672619,37595,90.80,183476,115,0.28,284.23,19.20,0,6.76,22619,108,2.44,1010,6.93,1356,9.31,11,0.08,108,0.74,1,0.01
35,Ontario,Ontario,24-08-2020,41507,0,2798,41507,2690795,37673,90.76,184724,105,0.25,284.95,19.21,1,6.74,18176,78,2.50,1036,7.11,1346,9.24,12,0.08,109,0.75,1,0.01
35,Ontario,Ontario,25-08-2020,41607,0,2800,41607,2710153,37748,90.73,186053,100,0.24,285.63,19.22,2,6.73,19358,75,2.55,1059,7.27,1413,9.70,14,0.10,105,0.72,1,0.01
35,Ontario,Ontario,26-08-2020,41695,0,2802,41695,2731395,37863,90.81,187511,88,0.21,286.24,19.24,2,6.72,21242,115,2.47,1030,7.07,1406,9.65,15,0.10,103,0.71,1,0.01
35,Ontario,Ontario,27-08-2020,41813,0,2803,41813,2759084,37940,90.74,189412,118,0.28,287.05,19.24,1,6.70,27689,77,2.56,1070,7.35,1446,9.93,16,0.11,109,0.75,1,0.01
35,Ontario,Ontario,28-08-2020,41935,0,2809,41935,2789866,38023,90.67,191526,122,0.29,287.89,19.28,6,6.70,30782,83,2.63,1103,7.57,1476,10.13,21,0.14,108,0.74,2,0.01
35,Ontario,Ontario,29-08-2020,42083,0,2809,42083,2820922,38126,90.60,193658,148,0.35,288.90,19.28,0,6.67,31056,103,2.73,1148,7.88,1518,10.42,20,0.14,114,0.78,2,0.01
35,Ontario,Ontario,30-08-2020,42195,0,2810,42195,2845066,38204,90.54,195315,112,0.27,289.67,19.29,1,6.66,24144,78,2.80,1181,8.11,1549,10.63,21,0.14,113,0.78,2,0.01
35,Ontario,Ontario,31-08-2020,42309,0,2811,42309,2869353,38277,90.47,196982,114,0.27,290.45,19.30,1,6.64,24287,73,2.89,1221,8.38,1564,10.74,22,0.15,115,0.79,2,0.01
35,Ontario,Ontario,01-09-2020,42421,0,2812,42421,2892128,38369,90.45,198546,112,0.26,291.22,19.30,1,6.63,22775,92,2.92,1240,8.51,1551,10.65,20,0.14,116,0.80,2,0.01
35,Ontario,Ontario,02-09-2020,42554,0,2812,42554,2915347,38506,90.49,200140,133,0.31,292.14,19.30,0,6.61,23219,137,2.90,1236,8.49,1582,10.86,20,0.14,123,0.84,1,0.01
35,Ontario,Ontario,03-09-2020,42686,0,2812,42686,2940785,38625,90.49,201886,132,0.31,293.04,19.30,0,6.59,25438,119,2.93,1249,8.57,1638,11.24,19,0.13,125,0.86,1,0.01
35,Ontario,Ontario,04-09-2020,42834,0,2811,42834,2968442,38741,90.44,203785,148,0.35,294.06,19.30,-1,6.56,27657,116,2.99,1282,8.80,1655,11.36,15,0.10,128,0.88,0,0.00
35,Ontario,Ontario,05-09-2020,43003,0,2811,43003,2996176,38847,90.34,205689,169,0.39,295.22,19.30,0,6.54,27734,106,3.13,1345,9.23,1716,11.78,14,0.10,131,0.90,0,0.00
35,Ontario,Ontario,06-09-2020,43161,0,2813,43161,3024184,38958,90.26,207612,158,0.37,296.30,19.31,2,6.52,28008,111,3.22,1390,9.54,1759,12.08,16,0.11,138,0.95,0,0.00
35,Ontario,Ontario,07-09-2020,43161,0,2813,43161,3047133,38958,90.26,209187,0,0.00,296.30,19.31,0,6.52,22949,0,3.22,1390,9.54,1654,11.35,15,0.10,122,0.84,0,0.00
35,Ontario,Ontario,08-09-2020,43536,0,2813,43536,3067378,39196,90.03,210577,375,0.87,298.88,19.31,0,6.46,20245,238,3.51,1527,10.48,1929,13.24,13,0.09,159,1.09,0,0.00
35,Ontario,Ontario,09-09-2020,43685,0,2813,43685,3084407,39332,90.04,211746,149,0.34,299.90,19.31,0,6.44,17029,136,3.53,1540,10.57,1990,13.66,11,0.08,162,1.11,0,0.00
35,Ontario,Ontario,10-09-2020,43855,0,2814,43855,3108270,39474,90.01,213384,170,0.39,301.07,19.32,1,6.42,23863,142,3.57,1567,10.76,2042,14.02,11,0.08,167,1.15,0,0.00
35,Ontario,Ontario,11-09-2020,44068,0,2813,44068,3139708,39598,89.86,215542,213,0.49,302.53,19.31,-1,6.38,31438,124,3.76,1657,11.38,2133,14.64,4,0.03,176,1.21,0,0.00
35,Ontario,Ontario,12-09-2020,44300,0,2814,44300,3139708,39717,89.65,215542,232,0.53,304.12,19.32,1,6.35,0,119,3.99,1769,12.14,2217,15.22,5,0.03,185,1.27,0,0.00
35,Ontario,Ontario,13-09-2020,44504,0,2815,44504,3204286,39841,89.52,219976,204,0.46,305.52,19.33,1,6.33,64578,124,4.15,1848,12.69,2309,15.85,5,0.03,192,1.32,0,0.00
35,Ontario,Ontario,14-09-2020,44817,0,2816,44817,3232860,39974,89.19,221937,313,0.70,307.67,19.33,1,6.28,28574,133,4.52,2027,13.92,2508,17.22,5,0.03,237,1.62,0,0.00
35,Ontario,Ontario,15-09-2020,45068,0,2820,45068,3259619,40091,88.96,223774,251,0.56,309.39,19.36,4,6.26,26759,117,4.79,2157,14.81,2647,18.17,8,0.05,219,1.50,1,0.01
35,Ontario,Ontario,16-09-2020,45383,0,2822,45383,3287440,40245,88.68,225684,315,0.70,311.56,19.37,2,6.22,27821,154,5.10,2316,15.90,2829,19.42,10,0.07,243,1.67,1,0.01
35,Ontario,Ontario,17-09-2020,45676,0,2825,45676,3321425,40424,88.50,228017,293,0.65,313.57,19.39,3,6.18,33985,179,5.31,2427,16.66,2990,20.53,13,0.09,260,1.79,2,0.01
35,Ontario,Ontario,18-09-2020,46077,0,2825,46077,3356079,40600,88.11,230396,401,0.88,316.32,19.39,0,6.13,34654,176,5.76,2652,18.21,3243,22.26,14,0.10,287,1.97,2,0.01
35,Ontario,Ontario,19-09-2020,46484,0,2826,46484,3393746,40777,87.72,232982,407,0.88,319.11,19.40,1,6.08,37667,177,6.20,2881,19.78,3481,23.90,15,0.10,312,2.14,2,0.01
35,Ontario,Ontario,20-09-2020,46849,0,2827,46849,3432561,40968,87.45,235647,365,0.79,321.62,19.41,1,6.03,38815,191,6.52,3054,20.97,3688,25.32,14,0.10,335,2.30,2,0.01
35,Ontario,Ontario,21-09-2020,47274,0,2829,47274,3463275,41146,87.04,237755,425,0.91,324.54,19.42,2,5.98,30714,178,6.98,3299,22.65,4113,28.24,16,0.11,351,2.41,2,0.01
35,Ontario,Ontario,22-09-2020,47752,0,2832,47752,3496348,41342,86.58,240026,478,1.01,327.82,19.44,3,5.93,33073,196,7.49,3578,24.56,4216,28.94,19,0.13,383,2.63,2,0.01
35,Ontario,Ontario,23-09-2020,48087,0,2835,48087,3530626,41600,86.51,242379,335,0.70,330.12,19.46,3,5.90,34278,258,7.59,3652,25.07,4402,30.22,22,0.15,386,2.65,2,0.01
35,Ontario,Ontario,24-09-2020,48496,0,2836,48496,3560258,41886,86.37,244413,409,0.85,332.93,19.47,1,5.85,29632,286,7.78,3774,25.91,4641,31.86,22,0.15,403,2.77,2,0.01
35,Ontario,Ontario,25-09-2020,48905,0,2837,48905,3600754,42169,86.23,247193,409,0.84,335.74,19.48,1,5.80,40496,283,7.97,3899,26.77,4837,33.21,24,0.16,404,2.77,2,0.01
35,Ontario,Ontario,26-09-2020,49340,0,2837,49340,3642578,42507,86.15,250065,435,0.89,338.72,19.48,0,5.75,41824,338,8.10,3996,27.43,5040,34.60,23,0.16,408,2.80,2,0.01
35,Ontario,Ontario,27-09-2020,49831,0,2839,49831,3683697,42796,85.88,252887,491,1.00,342.09,19.49,2,5.70,41119,289,8.42,4196,28.81,5327,36.57,24,0.16,426,2.92,2,0.01
35,Ontario,Ontario,28-09-2020,50531,0,2840,50531,3723464,43127,85.35,255617,700,1.40,346.90,19.50,1,5.62,39767,331,9.03,4564,31.33,5714,39.23,24,0.16,465,3.19,2,0.01
35,Ontario,Ontario,29-09-2020,51085,0,2844,51085,3760584,43450,85.05,258166,554,1.10,350.70,19.52,4,5.57,37120,323,9.38,4791,32.89,6017,41.31,24,0.16,476,3.27,2,0.01
35,Ontario,Ontario,30-09-2020,51710,0,2848,51710,3795168,43907,84.91,260540,625,1.22,354.99,19.55,4,5.51,34584,457,9.58,4955,34.02,6327,43.44,26,0.18,518,3.55,2,0.01
35,Ontario,Ontario,01-10-2020,52248,0,2851,52248,3833517,44422,85.02,263173,538,1.04,358.68,19.57,3,5.46,38349,515,9.52,4975,34.15,6572,45.12,26,0.18,536,3.68,2,0.01
35,Ontario,Ontario,02-10-2020,52980,0,2927,52980,3872299,44850,84.65,265835,732,1.40,363.71,20.09,76,5.52,38782,428,9.82,5203,35.72,6903,47.39,102,0.70,582,4.00,13,0.09
35,Ontario,Ontario,03-10-2020,53633,0,2968,53633,3917041,45285,84.43,268907,653,1.23,368.19,20.38,41,5.53,44742,435,10.03,5380,36.93,7149,49.08,142,0.97,613,4.21,19,0.13
35,Ontario,Ontario,04-10-2020,54199,0,2975,54199,3955405,45819,84.54,271540,566,1.06,372.08,20.42,7,5.49,38364,534,9.97,5405,37.11,7350,50.46,148,1.02,624,4.28,19,0.13
35,Ontario,Ontario,05-10-2020,54814,0,2980,54814,3992352,46360,84.58,274077,615,1.13,376.30,20.46,5,5.44,36947,541,9.99,5474,37.58,7540,51.76,151,1.04,612,4.20,20,0.14
35,Ontario,Ontario,06-10-2020,55362,0,2987,55362,4033008,46906,84.73,276868,548,1.00,380.06,20.51,7,5.40,40656,546,9.88,5469,37.54,7610,52.24,155,1.06,611,4.19,20,0.14
35,Ontario,Ontario,07-10-2020,55945,0,2988,55945,4074870,47613,85.11,279742,583,1.05,384.06,20.51,1,5.34,41862,707,9.55,5344,36.69,7858,53.95,153,1.05,605,4.15,20,0.14
35,Ontario,Ontario,08-10-2020,56742,0,2992,56742,4121773,48308,85.14,282962,797,1.42,389.54,20.54,4,5.27,46903,695,9.59,5442,37.36,8246,56.61,156,1.07,642,4.41,20,0.14
35,Ontario,Ontario,09-10-2020,57681,0,2997,57681,4165218,49032,85.01,285944,939,1.65,395.98,20.57,5,5.20,43445,724,9.80,5652,38.80,8776,60.25,160,1.10,672,4.61,10,0.07
35,Ontario,Ontario,10-10-2020,58490,0,3004,58490,4208067,49732,85.03,288886,809,1.40,401.54,20.62,7,5.14,42849,700,9.84,5754,39.50,9150,62.82,167,1.15,694,4.76,5,0.04
35,Ontario,Ontario,11-10-2020,59139,0,3005,59139,4250762,50437,85.29,291817,649,1.11,405.99,20.63,1,5.08,42695,705,9.63,5697,39.11,9308,63.90,166,1.14,706,4.84,4,0.03
35,Ontario,Ontario,12-10-2020,59139,0,3005,59139,4250762,50437,85.29,291817,0,0.00,405.99,20.63,0,5.08,0,0,9.63,5697,39.11,8608,59.09,165,1.13,618,4.24,4,0.02
35,Ontario,Ontario,13-10-2020,60692,0,3017,60692,4316254,51729,85.23,296313,1553,2.63,416.65,20.71,12,4.97,65492,1292,9.80,5946,40.82,9607,65.95,173,1.19,761,5.23,4,0.03
35,Ontario,Ontario,14-10-2020,61413,0,3017,61413,4347407,52512,85.51,298451,721,1.19,421.60,20.71,0,4.91,31153,783,9.58,5884,40.39,9703,66.61,169,1.16,781,5.36,4,0.03
35,Ontario,Ontario,15-10-2020,62196,0,3022,62196,4386061,53291,85.68,301105,783,1.27,426.98,20.75,5,4.86,38654,779,9.46,5883,40.39,9948,68.29,171,1.17,779,5.35,4,0.03
35,Ontario,Ontario,16-10-2020,62908,0,3031,62908,4423309,54004,85.85,303662,712,1.14,431.87,20.81,9,4.82,37248,713,9.34,5873,40.32,9928,68.16,104,0.71,747,5.13,5,0.03
35,Ontario,Ontario,17-10-2020,63713,0,3041,63713,4466569,54686,85.83,306632,805,1.28,437.39,20.88,10,4.77,43260,682,9.40,5986,41.09,10080,69.20,73,0.50,746,5.12,5,0.04
35,Ontario,Ontario,18-10-2020,64371,0,3046,64371,4506083,55371,86.02,309345,658,1.03,441.91,20.91,5,4.73,39514,685,9.25,5954,40.87,10172,69.83,71,0.49,747,5.13,6,0.04
35,Ontario,Ontario,19-10-2020,65075,0,3050,65075,4536905,55978,86.02,311461,704,1.09,446.74,20.94,4,4.69,30822,607,9.29,6047,41.51,10261,70.44,70,0.48,848,5.82,6,0.04
35,Ontario,Ontario,20-10-2020,65896,0,3053,65896,4560168,56606,85.90,313058,821,1.26,452.38,20.96,3,4.63,23263,628,9.46,6237,42.82,10534,72.32,66,0.45,743,5.10,5,0.04
35,Ontario,Ontario,21-10-2020,66686,0,3062,66686,4591746,57325,85.96,315225,790,1.20,457.80,21.02,9,4.59,31578,719,9.45,6299,43.24,10741,73.74,74,0.51,753,5.17,6,0.04
35,Ontario,Ontario,22-10-2020,67527,0,3071,67527,4629335,58066,85.99,317806,841,1.26,463.58,21.08,9,4.55,37589,741,9.46,6390,43.87,10785,74.04,79,0.54,762,5.23,7,0.05
35,Ontario,Ontario,23-10-2020,68353,0,3080,68353,4668046,58799,86.02,320463,826,1.22,469.25,21.14,9,4.51,38711,733,9.47,6474,44.44,10672,73.26,83,0.57,778,5.34,7,0.05
35,Ontario,Ontario,24-10-2020,69331,0,3086,69331,4710753,59424,85.71,323395,978,1.43,475.96,21.19,6,4.45,42707,625,9.84,6821,46.83,10841,74.42,82,0.56,803,5.51,6,0.04
35,Ontario,Ontario,25-10-2020,70373,0,3093,70373,4748254,60160,85.49,325970,1042,1.50,483.11,21.23,7,4.40,37501,736,10.12,7120,48.88,11234,77.12,88,0.60,857,5.89,7,0.05
